{
  "project_info": {
    "project_number": "1360537741",
    "firebase_url": "https://facemeong-default-rtdb.firebaseio.com",
    "project_id": "facemeong",
    "storage_bucket": "facemeong.appspot.com"
  },
  "client": [
    {
      "client_info": {
        "mobilesdk_app_id": "1:1360537741:android:3aae09c39fc148234f9ac4",
        "android_client_info": {
          "package_name": "com.seolab.facemeongapp"
        }
      },
      "oauth_client": [
        {
          "client_id": "1360537741-d8bevc5f3teq0fi9v5n0p12nd3uksp2t.apps.googleusercontent.com",
          "client_type": 3
        }
      ],
      "api_key": [
        {
          "current_key": "AIzaSyDLCr0l09SVWa0RQGwjRuUPp-e69q9tvIM"
        }
      ],
      "services": {
        "appinvite_service": {
          "other_platform_oauth_client": [
            {
              "client_id": "1360537741-d8bevc5f3teq0fi9v5n0p12nd3uksp2t.apps.googleusercontent.com",
              "client_type": 3
            }
          ]
        }
      }
    }
  ],
  "configuration_version": "1"
}